FIRST_NAME, LAST_NAME, EMAIL, PASSWORD1,PASSWORD2,CITY,COUNTRY
user10,Tester10,user10@example.com,Password123!,Password123!,Bogotá,Colombia
user11,Tester11,user11@example.com,Password123!,Password123!,Bogotá,Colombia
user12,Tester12,user12@example.com,Password123!,Password123!,Bogotá,Colombia
user13,Tester13,user13@example.com,Password123!,Password123!,Bogotá,Colombia
user14,Tester14,user14@example.com,Password123!,Password123!,Bogotá,Colombia
user15,Tester15,user15@example.com,Password123!,Password123!,Bogotá,Colombia
user16,Tester16,user16@example.com,Password123!,Password123!,Bogotá,Colombia
user17,Tester17,user17@example.com,Password123!,Password123!,Bogotá,Colombia
user18,Tester18,user18@example.com,Password123!,Password123!,Bogotá,Colombia
user19,Tester19,user19@example.com,Password123!,Password123!,Bogotá,Colombia
user20,Tester20,user20@example.com,Password123!,Password123!,Bogotá,Colombia
user21,Tester21,user21@example.com,Password123!,Password123!,Bogotá,Colombia
user22,Tester22,user22@example.com,Password123!,Password123!,Bogotá,Colombia
user23,Tester23,user23@example.com,Password123!,Password123!,Bogotá,Colombia
user24,Tester24,user24@example.com,Password123!,Password123!,Bogotá,Colombia
user25,Tester25,user25@example.com,Password123!,Password123!,Bogotá,Colombia
user26,Tester26,user26@example.com,Password123!,Password123!,Bogotá,Colombia
user27,Tester27,user27@example.com,Password123!,Password123!,Bogotá,Colombia
user28,Tester28,user28@example.com,Password123!,Password123!,Bogotá,Colombia
user29,Tester29,user29@example.com,Password123!,Password123!,Bogotá,Colombia
user30,Tester30,user30@example.com,Password123!,Password123!,Bogotá,Colombia
user31,Tester31,user31@example.com,Password123!,Password123!,Bogotá,Colombia
user32,Tester32,user32@example.com,Password123!,Password123!,Bogotá,Colombia
user33,Tester33,user33@example.com,Password123!,Password123!,Bogotá,Colombia
user34,Tester34,user34@example.com,Password123!,Password123!,Bogotá,Colombia
user35,Tester35,user35@example.com,Password123!,Password123!,Bogotá,Colombia
user36,Tester36,user36@example.com,Password123!,Password123!,Bogotá,Colombia
user37,Tester37,user37@example.com,Password123!,Password123!,Bogotá,Colombia
user38,Tester38,user38@example.com,Password123!,Password123!,Bogotá,Colombia
user39,Tester39,user39@example.com,Password123!,Password123!,Bogotá,Colombia
user40,Tester40,user40@example.com,Password123!,Password123!,Bogotá,Colombia
user41,Tester41,user41@example.com,Password123!,Password123!,Bogotá,Colombia
user42,Tester42,user42@example.com,Password123!,Password123!,Bogotá,Colombia
user43,Tester43,user43@example.com,Password123!,Password123!,Bogotá,Colombia
user44,Tester44,user44@example.com,Password123!,Password123!,Bogotá,Colombia
user45,Tester45,user45@example.com,Password123!,Password123!,Bogotá,Colombia
user46,Tester46,user46@example.com,Password123!,Password123!,Bogotá,Colombia
user47,Tester47,user47@example.com,Password123!,Password123!,Bogotá,Colombia
user48,Tester48,user48@example.com,Password123!,Password123!,Bogotá,Colombia
user49,Tester49,user49@example.com,Password123!,Password123!,Bogotá,Colombia
user50,Tester50,user50@example.com,Password123!,Password123!,Bogotá,Colombia
user51,Tester51,user51@example.com,Password123!,Password123!,Bogotá,Colombia
user52,Tester52,user52@example.com,Password123!,Password123!,Bogotá,Colombia
user53,Tester53,user53@example.com,Password123!,Password123!,Bogotá,Colombia
user54,Tester54,user54@example.com,Password123!,Password123!,Bogotá,Colombia
user55,Tester55,user55@example.com,Password123!,Password123!,Bogotá,Colombia
user56,Tester56,user56@example.com,Password123!,Password123!,Bogotá,Colombia
user57,Tester57,user57@example.com,Password123!,Password123!,Bogotá,Colombia
user58,Tester58,user58@example.com,Password123!,Password123!,Bogotá,Colombia
user59,Tester59,user59@example.com,Password123!,Password123!,Bogotá,Colombia
user60,Tester60,user60@example.com,Password123!,Password123!,Bogotá,Colombia
user61,Tester61,user61@example.com,Password123!,Password123!,Bogotá,Colombia
user62,Tester62,user62@example.com,Password123!,Password123!,Bogotá,Colombia
user63,Tester63,user63@example.com,Password123!,Password123!,Bogotá,Colombia
user64,Tester64,user64@example.com,Password123!,Password123!,Bogotá,Colombia
user65,Tester65,user65@example.com,Password123!,Password123!,Bogotá,Colombia
user66,Tester66,user66@example.com,Password123!,Password123!,Bogotá,Colombia
user67,Tester67,user67@example.com,Password123!,Password123!,Bogotá,Colombia
user68,Tester68,user68@example.com,Password123!,Password123!,Bogotá,Colombia
user69,Tester69,user69@example.com,Password123!,Password123!,Bogotá,Colombia
user70,Tester70,user70@example.com,Password123!,Password123!,Bogotá,Colombia
user71,Tester71,user71@example.com,Password123!,Password123!,Bogotá,Colombia
user72,Tester72,user72@example.com,Password123!,Password123!,Bogotá,Colombia
user73,Tester73,user73@example.com,Password123!,Password123!,Bogotá,Colombia
user74,Tester74,user74@example.com,Password123!,Password123!,Bogotá,Colombia
user75,Tester75,user75@example.com,Password123!,Password123!,Bogotá,Colombia
user76,Tester76,user76@example.com,Password123!,Password123!,Bogotá,Colombia
user77,Tester77,user77@example.com,Password123!,Password123!,Bogotá,Colombia
user78,Tester78,user78@example.com,Password123!,Password123!,Bogotá,Colombia
user79,Tester79,user79@example.com,Password123!,Password123!,Bogotá,Colombia
user80,Tester80,user80@example.com,Password123!,Password123!,Bogotá,Colombia
user81,Tester81,user81@example.com,Password123!,Password123!,Bogotá,Colombia
user82,Tester82,user82@example.com,Password123!,Password123!,Bogotá,Colombia
user83,Tester83,user83@example.com,Password123!,Password123!,Bogotá,Colombia
user84,Tester84,user84@example.com,Password123!,Password123!,Bogotá,Colombia
user85,Tester85,user85@example.com,Password123!,Password123!,Bogotá,Colombia
user86,Tester86,user86@example.com,Password123!,Password123!,Bogotá,Colombia
user87,Tester87,user87@example.com,Password123!,Password123!,Bogotá,Colombia
user88,Tester88,user88@example.com,Password123!,Password123!,Bogotá,Colombia
user89,Tester89,user89@example.com,Password123!,Password123!,Bogotá,Colombia
user90,Tester90,user90@example.com,Password123!,Password123!,Bogotá,Colombia
user91,Tester91,user91@example.com,Password123!,Password123!,Bogotá,Colombia
user92,Tester92,user92@example.com,Password123!,Password123!,Bogotá,Colombia
user93,Tester93,user93@example.com,Password123!,Password123!,Bogotá,Colombia
user94,Tester94,user94@example.com,Password123!,Password123!,Bogotá,Colombia
user95,Tester95,user95@example.com,Password123!,Password123!,Bogotá,Colombia
user96,Tester96,user96@example.com,Password123!,Password123!,Bogotá,Colombia
user97,Tester97,user97@example.com,Password123!,Password123!,Bogotá,Colombia
user98,Tester98,user98@example.com,Password123!,Password123!,Bogotá,Colombia
user99,Tester99,user99@example.com,Password123!,Password123!,Bogotá,Colombia
user100,Tester100,user100@example.com,Password123!,Password123!,Bogotá,Colombia
