EMAIL,PASSWORD
user1@example.com,Password123!
user2@example.com,Password123!
user3@example.com,Password123!
user4@example.com,Password123!
user5@example.com,Password123!
user6@example.com,Password123!
user7@example.com,Password123!
user8@example.com,Password123!
user9@example.com,Password123!
user10@example.com,Password123!
camila@example.com,Password123!
david@example.com,Password123!
andres@example.com,Password123!
carlos@example.com,Password123!
carolina@example.com,Password123!
cristian@example.com,Password123!
user11@example.com,Password123!
user12@example.com,Password123!
user13@example.com,Password123!
user14@example.com,Password123!
user15@example.com,Password123!
user16@example.com,Password123!
user17@example.com,Password123!
user18@example.com,Password123!
user19@example.com,Password123!
user20@example.com,Password123!
user21@example.com,Password123!
user22@example.com,Password123!
user23@example.com,Password123!
user24@example.com,Password123!
user25@example.com,Password123!
user26@example.com,Password123!
user27@example.com,Password123!
user28@example.com,Password123!
user29@example.com,Password123!
user30@example.com,Password123!
user31@example.com,Password123!
user32@example.com,Password123!
user33@example.com,Password123!
user34@example.com,Password123!
user35@example.com,Password123!
user36@example.com,Password123!
user37@example.com,Password123!
user38@example.com,Password123!
user39@example.com,Password123!
user40@example.com,Password123!
user41@example.com,Password123!
user42@example.com,Password123!
user43@example.com,Password123!
user44@example.com,Password123!
user45@example.com,Password123!
user46@example.com,Password123!
user47@example.com,Password123!
user48@example.com,Password123!
user49@example.com,Password123!
user50@example.com,Password123!
user51@example.com,Password123!
user52@example.com,Password123!
user53@example.com,Password123!
user54@example.com,Password123!
user55@example.com,Password123!
user56@example.com,Password123!
user57@example.com,Password123!
user58@example.com,Password123!
user59@example.com,Password123!
user60@example.com,Password123!
user61@example.com,Password123!
user62@example.com,Password123!
user63@example.com,Password123!
user64@example.com,Password123!
user65@example.com,Password123!
user66@example.com,Password123!
user67@example.com,Password123!
user68@example.com,Password123!
user69@example.com,Password123!
user70@example.com,Password123!
user71@example.com,Password123!
user72@example.com,Password123!
user73@example.com,Password123!
user74@example.com,Password123!
user75@example.com,Password123!
user76@example.com,Password123!
user77@example.com,Password123!
user78@example.com,Password123!
user79@example.com,Password123!
user80@example.com,Password123!
user81@example.com,Password123!
user82@example.com,Password123!
user83@example.com,Password123!
user84@example.com,Password123!
user85@example.com,Password123!
user86@example.com,Password123!
user87@example.com,Password123!
user88@example.com,Password123!
user89@example.com,Password123!
user90@example.com,Password123!
user91@example.com,Password123!
user92@example.com,Password123!
user93@example.com,Password123!
user94@example.com,Password123!
user95@example.com,Password123!
user96@example.com,Password123!
user97@example.com,Password123!
user98@example.com,Password123!
user99@example.com,Password123!
user100@example.com,Password123!
